total_tempo,min_tempo,max_tempo,avg_tempo
240245.1150000004,60.019,210.851,120.1225575000002
